﻿varname,Instructional_id,Gender_ID,Duration_ID
SA_9MCM,IS,M,9
SA_9MCW,IS,W,9
SA09MAM,AS,M,9
SA09MAW,AS,W,9
SA09MCM,IS,M,9
SA09MCW,IS,W,9
SA09MOM,SO,M,9
SA09MOW,SO,W,9
SA10MAM,AS,M,10
SA10MAW,AS,W,10
SA10MCM,IS,M,10
SA10MCW,IS,W,10
SA10MOM,SO,M,10
SA10MOW,SO,W,10
SA11MAM,AS,M,11
SA11MAW,AS,W,11
SA11MCM,IS,M,11
SA11MCW,IS,W,11
SA11MOM,SO,M,11
SA11MOW,SO,W,11
SA12MAM,AS,M,12
SA12MAW,AS,W,12
SA12MCM,IS,M,12
SA12MCW,IS,W,12
SA12MOM,SO,M,12
SA12MOW,SO,W,12
SAEQ9AM,AS,M,9
SAEQ9AW,AS,W,9
SAEQ9OM,SO,M,9
SAEQ9OW,SO,W,9
